customer_id,first_name,last_name,email
1,Ursola,Purdy,upurdy0@cdbaby.com
2,Ruthanne,Vatini,rvatini1@fema.gov
3,Reidar,Turbitt,rturbitt2@geocities.jp
4,Rich,Kirsz,rkirsz3@jalbum.net
5,Carline,Kupis,ckupis4@tamu.edu
6,Kandy,Adamec,kadamec5@weather.com
7,Jermain,Giraudeau,jgiraudeau6@elpais.com
8,Nolly,Bonicelli,nbonicelli7@examiner.com
9,Phebe,Curdell,pcurdell8@usa.gov
10,Euell,Guilder,eguilder9@themeforest.net
11,Teriann,Marritt,tmarritta@va.gov
12,Filmer,Douse,fdouseb@foxnews.com
13,Daisey,Lamball,dlamballc@skyrock.com
14,Gusella,Quogan,gquogand@whitehouse.gov
15,Lonnie,Cambden,lcambdene@gmpg.org
16,Debbi,Huyghe,dhuyghef@dot.gov
17,Ignace,Fursey,ifurseyg@hatena.ne.jp
18,Andrei,Jefferson,ajeffersonh@live.com
19,Sanford,Gillbe,sgillbei@telegraph.co.uk
20,Kali,Sedgebeer,ksedgebeerj@bbc.co.uk
21,Krishnah,Traite,ktraitek@state.gov
22,Alley,Selbie,aselbiel@moonfruit.com
23,Gilligan,Betteson,gbettesonm@paypal.com
24,Raul,Pentelow,rpentelown@zimbio.com
25,Garrek,Emnoney,gemnoneyo@nyu.edu
26,Mathilde,Kleanthous,mkleanthousp@tamu.edu
27,Dacy,Mabe,dmabeq@cloudflare.com
28,Rob,Handes,rhandesr@arstechnica.com
29,Rafaello,Boniface,rbonifaces@marriott.com
30,Matthiew,Donizeau,mdonizeaut@rakuten.co.jp
31,Tripp,Halsworth,thalsworthu@usa.gov
32,Noby,Burtenshaw,nburtenshawv@soundcloud.com
33,Penny,Bovingdon,pbovingdonw@msn.com
34,Peadar,Preator,ppreatorx@jiathis.com
35,Fee,Sancraft,fsancrafty@wikimedia.org
36,Ronny,Heathfield,rheathfieldz@youku.com
37,Travus,Skirven,tskirven10@google.com
38,Bailie,Curle,bcurle11@printfriendly.com
39,Ulrica,Fakes,ufakes12@army.mil
40,Natty,Bencher,nbencher13@hatena.ne.jp
41,Gertrude,Choak,gchoak14@skype.com
42,Anna-diana,Tilburn,atilburn15@simplemachines.org
43,"La verne",Figg,lfigg16@blogspot.com
44,Nicolina,Scorthorne,nscorthorne17@dagondesign.com
45,Zora,Hurles,zhurles18@csmonitor.com
46,Hilary,Todeo,htodeo19@upenn.edu
47,Cissy,Hylands,chylands1a@reuters.com
48,Stephi,Egre,segre1b@usda.gov
49,Lynda,Roseborough,lroseborough1c@mtv.com
50,Melisse,Shailer,mshailer1d@blogtalkradio.com
51,Ignacius,Ivanisov,iivanisov1e@devhub.com
52,Levy,Thacker,lthacker1f@hc360.com
53,Garold,Kobisch,gkobisch1g@cdc.gov
54,Verene,Pettyfer,vpettyfer1h@e-recht24.de
55,Sianna,Piris,spiris1i@hao123.com
56,Billi,Hughland,bhughland1j@usatoday.com
57,Doyle,Shimwell,dshimwell1k@ox.ac.uk
58,Jeni,Swarbrigg,jswarbrigg1l@ustream.tv
59,Emylee,Hubbert,ehubbert1m@themeforest.net
60,Kincaid,"De Avenell",kdeavenell1n@wikia.com
61,Joly,Oldred,joldred1o@who.int
62,Heywood,Hearty,hhearty1p@whitehouse.gov
63,Margette,Cawdell,mcawdell1q@wikispaces.com
64,Zia,Roizin,zroizin1r@cnbc.com
65,Noelle,Duke,nduke1s@printfriendly.com
66,Carlene,Robbings,crobbings1t@gov.uk
67,Arlene,Ebanks,aebanks1u@issuu.com
68,Renado,Sherrington,rsherrington1v@symantec.com
69,Verney,Fabri,vfabri1w@usnews.com
70,Antonella,Scotchbourouge,ascotchbourouge1x@npr.org
71,Corinne,Chimienti,cchimienti1y@weather.com
72,Gustavo,Sidnall,gsidnall1z@prlog.org
73,Ruthi,McGeever,rmcgeever20@sakura.ne.jp
74,Ozzie,Petters,opetters21@rediff.com
75,Enrichetta,Morrill,emorrill22@irs.gov
76,Randall,Gilcrist,rgilcrist23@jiathis.com
77,Bernhard,Medgwick,bmedgwick24@e-recht24.de
78,Lotte,Gillcrist,lgillcrist25@cocolog-nifty.com
79,Lyn,Abethell,labethell26@unblog.fr
80,Travus,Sheraton,tsheraton27@elpais.com
81,Moss,Zarb,mzarb28@ucoz.com
82,Giselle,Betton,gbetton29@1und1.de
83,Berti,Gowlett,bgowlett2a@pagesperso-orange.fr
84,Gabriellia,Eastway,geastway2b@yellowpages.com
85,York,Londsdale,ylondsdale2c@liveinternet.ru
86,Amitie,Filasov,afilasov2d@ftc.gov
87,Tricia,Saull,tsaull2e@gnu.org
88,Marcelia,Goering,mgoering2f@prlog.org
89,Bennie,Mepsted,bmepsted2g@g.co
90,Lucas,Wyldbore,lwyldbore2h@github.io
91,Rozanna,Artin,rartin2i@topsy.com
92,Gustav,Mulgrew,gmulgrew2j@hexun.com
93,Frannie,Battisson,fbattisson2k@shinystat.com
94,Leanor,Ortler,lortler2l@wikimedia.org
95,Ardra,Tripony,atripony2m@chron.com
96,Lannie,Michurin,lmichurin2n@163.com
97,Noellyn,Sanderson,nsanderson2o@webnode.com
98,Coretta,Dublin,cdublin2p@time.com
99,Lianne,Gorry,lgorry2q@chronoengine.com
100,Dud,Pusill,dpusill2r@digg.com
101,Nicolette,Sadler,nsadler2s@salon.com
102,Didi,Bette,dbette2t@skype.com
103,Cinda,Abrahim,cabrahim2u@washingtonpost.com
104,Ann,Biggar,abiggar2v@gmpg.org
105,Carly,Whiskerd,cwhiskerd2w@google.it
106,Farrel,Eckels,feckels2x@hatena.ne.jp
107,Estelle,Alton,ealton2y@vimeo.com
108,Orv,Strover,ostrover2z@yelp.com
109,Hermon,Dymoke,hdymoke30@123-reg.co.uk
110,Olympie,Roylance,oroylance31@abc.net.au
111,Olympe,Dovinson,odovinson32@last.fm
112,Rodd,Diplock,rdiplock33@arstechnica.com
113,Calypso,Sorbie,csorbie34@xing.com
114,Aurelie,MacSherry,amacsherry35@is.gd
115,Zebulen,Haggar,zhaggar36@mozilla.org
116,Shae,Leser,sleser37@forbes.com
117,Johnette,Entwistle,jentwistle38@reverbnation.com
118,Jocelyn,Budding,jbudding39@google.nl
119,Andree,Luscott,aluscott3a@symantec.com
120,Monro,Deniset,mdeniset3b@mail.ru
121,Isidora,"De Gogay",idegogay3c@merriam-webster.com
122,Reagen,Lavrinov,rlavrinov3d@webeden.co.uk
123,Francine,Sier,fsier3e@ihg.com
124,Modesta,Gullefant,mgullefant3f@businessinsider.com
125,Thaddeus,Kivelle,tkivelle3g@plala.or.jp
126,Otha,Putton,oputton3h@digg.com
127,Forster,Syddall,fsyddall3i@google.es
128,Leonard,Ethersey,lethersey3j@oracle.com
129,Gordan,Toft,gtoft3k@about.com
130,Franciskus,Minchinden,fminchinden3l@ycombinator.com
131,Olga,Allcott,oallcott3m@fda.gov
132,Artie,Coltan,acoltan3n@usatoday.com
133,Letizia,Febvre,lfebvre3o@fema.gov
134,Helyn,Carrol,hcarrol3p@adobe.com
135,Mick,Sever,msever3q@statcounter.com
136,Emerson,Crosi,ecrosi3r@lulu.com
137,Pierrette,Diess,pdiess3s@mozilla.org
138,Leela,Jeffry,ljeffry3t@patch.com
139,Marlo,Jeannin,mjeannin3u@lulu.com
140,Sylvester,Eaton,seaton3v@mozilla.org
141,Tracey,Abel,tabel3w@storify.com
142,Minny,Gilleon,mgilleon3x@discovery.com
143,Stacy,Curson,scurson3y@alexa.com
144,Nickolai,Domenget,ndomenget3z@businessweek.com
145,Leroy,Warlawe,lwarlawe40@cafepress.com
146,Reece,Cleaveland,rcleaveland41@cbsnews.com
147,Andre,Brocklehurst,abrocklehurst42@wordpress.org
148,Farand,Tremmil,ftremmil43@telegraph.co.uk
149,Richard,Itzkovici,ritzkovici44@cargocollective.com
150,Dyann,Kertess,dkertess45@mysql.com
151,Camille,Wethers,cwethers46@washington.edu
152,Franky,Duchart,fduchart47@issuu.com
153,Cully,Diggin,cdiggin48@fastcompany.com
154,Dedra,Ogus,dogus49@tiny.cc
155,Alysa,Crombleholme,acrombleholme4a@cisco.com
156,Jammal,Abelovitz,jabelovitz4b@reverbnation.com
157,Javier,Cretney,jcretney4c@ameblo.jp
158,Rozamond,Farrell,rfarrell4d@harvard.edu
159,Worden,Trengove,wtrengove4e@people.com.cn
160,Jonis,Loseby,jloseby4f@google.it
161,Addie,Basterfield,abasterfield4g@rakuten.co.jp
162,Avictor,Salsbury,asalsbury4h@linkedin.com
163,Ardra,Moogan,amoogan4i@salon.com
164,Hayyim,Benham,hbenham4j@prweb.com
165,Sigfried,Davoren,sdavoren4k@google.com.hk
166,Myles,Salasar,msalasar4l@dion.ne.jp
167,Hervey,Erik,herik4m@zimbio.com
168,Lynsey,McPeice,lmcpeice4n@technorati.com
169,Roberto,Swiggs,rswiggs4o@imdb.com
170,Ronnie,Thaim,rthaim4p@arstechnica.com
171,Lucie,Bartlam,lbartlam4q@cyberchimps.com
172,Gabi,Turle,gturle4r@pcworld.com
173,Pepillo,Cattrall,pcattrall4s@vimeo.com
174,Zachery,Hriinchenko,zhriinchenko4t@ocn.ne.jp
175,Trevor,Muffitt,tmuffitt4u@exblog.jp
176,Erena,Glede,eglede4v@reuters.com
177,Guillemette,Strothers,gstrothers4w@hexun.com
178,Barr,Safe,bsafe4x@tamu.edu
179,Carver,Haugen,chaugen4y@list-manage.com
180,Shay,Flaverty,sflaverty4z@ow.ly
181,Faber,Cline,fcline50@toplist.cz
182,Randal,Grise,rgrise51@g.co
183,Urbanus,Renfield,urenfield52@aboutads.info
184,Ruttger,Royce,rroyce53@google.es
185,Cad,Tomas,ctomas54@typepad.com
186,Constance,Raeburn,craeburn55@loc.gov
187,Miner,McLay,mmclay56@plala.or.jp
188,Jonell,Cescon,jcescon57@arizona.edu
189,Yance,Hartwright,yhartwright58@surveymonkey.com
190,Lyndy,Redmond,lredmond59@yandex.ru
191,Esmeralda,Swinfen,eswinfen5a@ovh.net
192,Abraham,Skudder,askudder5b@sitemeter.com
193,Jodie,Fenge,jfenge5c@elpais.com
194,Dorelia,Chilley,dchilley5d@sun.com
195,Edward,Kenealy,ekenealy5e@mysql.com
196,Dusty,Merrikin,dmerrikin5f@ft.com
197,Koralle,Ricarde,kricarde5g@cdc.gov
198,Lynette,Davidofski,ldavidofski5h@nbcnews.com
199,Bjorn,McCloud,bmccloud5i@aboutads.info
200,Benedict,Kehir,bkehir5j@4shared.com
201,Sherline,Sivell,ssivell5k@weibo.com
202,Dolf,Theurer,dtheurer5l@fda.gov
203,Dud,Full,dfull5m@privacy.gov.au
204,Birgit,Shreeve,bshreeve5n@seesaa.net
205,Seth,Druhan,sdruhan5o@goo.gl
206,Tine,Bastow,tbastow5p@omniture.com
207,Emory,Bagniuk,ebagniuk5q@freewebs.com
208,Ivory,Perillo,iperillo5r@dagondesign.com
209,Anthe,Erdes,aerdes5s@nydailynews.com
210,Letisha,Bielby,lbielby5t@mtv.com
211,Desiri,MacDunleavy,dmacdunleavy5u@behance.net
212,Hi,Goodredge,hgoodredge5v@ovh.net
213,Hayden,Andrew,handrew5w@lulu.com
214,Sal,Colloby,scolloby5x@123-reg.co.uk
215,Kathi,Rheam,krheam5y@wikimedia.org
216,Waiter,Ridel,wridel5z@taobao.com
217,Rustin,Cadden,rcadden60@goo.ne.jp
218,Abbot,Tesseyman,atesseyman61@hc360.com
219,Tami,Gyer,tgyer62@wikipedia.org
220,Worthington,Maxstead,wmaxstead63@ft.com
221,Parker,Strangman,pstrangman64@barnesandnoble.com
222,Catrina,Shortan,cshortan65@sciencedirect.com
223,Mahalia,Full,mfull66@amazonaws.com
224,Merle,Genders,mgenders67@prlog.org
225,Cecily,Norley,cnorley68@chicagotribune.com
226,Reynard,Tordoff,rtordoff69@springer.com
227,Greta,Wharby,gwharby6a@nyu.edu
228,Padriac,Karolyi,pkarolyi6b@mtv.com
229,Carrie,Arran,carran6c@dion.ne.jp
230,Marlane,Graveson,mgraveson6d@slate.com
231,Pavla,Marzello,pmarzello6e@oracle.com
232,Marti,Cassely,mcassely6f@japanpost.jp
233,Blake,Carson,bcarson6g@microsoft.com
234,Murray,Senussi,msenussi6h@shareasale.com
235,Tarrah,Chiechio,tchiechio6i@microsoft.com
236,Kaspar,Scanlon,kscanlon6j@tinyurl.com
237,Eachelle,Adamec,eadamec6k@reverbnation.com
238,Cathrine,Soda,csoda6l@unc.edu
239,Stavros,Murney,smurney6m@marketwatch.com
240,Fletch,Canfield,fcanfield6n@bigcartel.com
241,Francis,Cutmore,fcutmore6o@domainmarket.com
242,Valerye,Marrable,vmarrable6p@archive.org
243,Steffen,Brunstan,sbrunstan6q@topsy.com
244,Melany,Viscovi,mviscovi6r@ed.gov
245,Kaela,Isaq,kisaq6s@wiley.com
246,Alli,Puttergill,aputtergill6t@xing.com
247,Morris,Morales,mmorales6u@zdnet.com
248,Edyth,Revie,erevie6v@liveinternet.ru
249,Van,Glayzer,vglayzer6w@list-manage.com
250,Fabio,Hawksley,fhawksley6x@mozilla.org
251,Chrissy,Notton,cnotton6y@sbwire.com
252,Dorothee,Service,dservice6z@sciencedirect.com
253,Licha,Broadwell,lbroadwell70@craigslist.org
254,Bobette,Lewendon,blewendon71@mac.com
255,Nolan,More,nmore72@census.gov
256,Sidnee,Thurby,sthurby73@goodreads.com
257,Artemas,Frankiewicz,afrankiewicz74@google.co.jp
258,Lothaire,Wake,lwake75@webeden.co.uk
259,Robby,Hadye,rhadye76@wikipedia.org
260,Carina,Brotherhood,cbrotherhood77@zimbio.com
261,Walton,Kindall,wkindall78@mayoclinic.com
262,Beverie,Tapson,btapson79@earthlink.net
263,Adeline,Sellner,asellner7a@yelp.com
264,Leese,Birtwhistle,lbirtwhistle7b@si.edu
265,Fania,Jeanesson,fjeanesson7c@walmart.com
266,Nadean,Birtwhistle,nbirtwhistle7d@blogger.com
267,Derrek,Kops,dkops7e@toplist.cz
268,Ty,Strutton,tstrutton7f@qq.com
269,Tab,Block,tblock7g@mit.edu
270,Merry,Coenraets,mcoenraets7h@utexas.edu
271,Shayna,Farbrother,sfarbrother7i@dailymotion.com
272,Alaster,Lemmers,alemmers7j@cornell.edu
273,Malchy,Drissell,mdrissell7k@umich.edu
274,Mortimer,Hauch,mhauch7l@wordpress.com
275,Jeremiah,"De Lascy",jdelascy7m@home.pl
276,Gaylor,Polack,gpolack7n@nydailynews.com
277,Joelie,Menhci,jmenhci7o@livejournal.com
278,Gonzalo,Perch,gperch7p@vinaora.com
279,Ardeen,Greenstreet,agreenstreet7q@accuweather.com
280,Isahella,Flinn,iflinn7r@lycos.com
281,Bobette,Domerq,bdomerq7s@behance.net
282,Andie,Henniger,ahenniger7t@de.vu
283,Morly,Albone,malbone7u@imdb.com
284,Jamill,Brimson,jbrimson7v@jugem.jp
285,Aube,Prator,aprator7w@unicef.org
286,Shamus,Weavill,sweavill7x@acquirethisname.com
287,Hillery,Hallifax,hhallifax7y@google.pl
288,Peirce,Strainge,pstrainge7z@vk.com
289,Rutter,Corp,rcorp80@wikispaces.com
290,Denna,Orwin,dorwin81@xing.com
291,Carter,Dannell,cdannell82@booking.com
292,Redd,Foyston,rfoyston83@zimbio.com
293,Jenna,Zettler,jzettler84@webs.com
294,Cristina,Lewty,clewty85@cornell.edu
295,Morley,Jiras,mjiras86@blogspot.com
296,Sosanna,Hubane,shubane87@csmonitor.com
297,Bili,Stanyforth,bstanyforth88@hubpages.com
298,Rafaelia,Mitroshinov,rmitroshinov89@1688.com
299,Yvonne,Maccree,ymaccree8a@mac.com
300,Fernande,L'Episcopio,flepiscopio8b@smugmug.com
301,Mignon,Ranger,mranger8c@accuweather.com
302,Delmore,Tamplin,dtamplin8d@ibm.com
303,Burke,Strute,bstrute8e@utexas.edu
304,Leone,Utterson,lutterson8f@umn.edu
305,Osmund,Fattore,ofattore8g@taobao.com
306,Vladamir,Ellerey,vellerey8h@upenn.edu
307,Corabella,Whittam,cwhittam8i@reddit.com
308,Letti,Duligall,lduligall8j@photobucket.com
309,Lonni,Janus,ljanus8k@icq.com
310,Neddie,Buy,nbuy8l@bravesites.com
311,Ansell,Johnson,ajohnson8m@creativecommons.org
312,Arda,Wanderschek,awanderschek8n@wordpress.org
313,Herc,Matthewson,hmatthewson8o@google.ca
314,Gallard,Whanstall,gwhanstall8p@nba.com
315,Isak,Geipel,igeipel8q@hud.gov
316,Shelton,Leyfield,sleyfield8r@nps.gov
317,Stesha,McAlees,smcalees8s@wikispaces.com
318,Lonee,Bellefant,lbellefant8t@blogs.com
319,Win,McManamon,wmcmanamon8u@ovh.net
320,Hubey,Bagshawe,hbagshawe8v@ted.com
321,Stephine,Madsen,smadsen8w@seesaa.net
322,Reid,Hattrick,rhattrick8x@theglobeandmail.com
323,Chicky,Tumini,ctumini8y@moonfruit.com
324,Jemima,Hugonin,jhugonin8z@sohu.com
325,Hamnet,Fogt,hfogt90@nps.gov
326,Miguel,Fieldsend,mfieldsend91@cornell.edu
327,Oran,Pittet,opittet92@etsy.com
328,Aguistin,Trounce,atrounce93@hibu.com
329,Noreen,Baumert,nbaumert94@4shared.com
330,Jacquelyn,Thewlis,jthewlis95@nydailynews.com
331,Eb,Sydenham,esydenham96@domainmarket.com
332,Ralph,Mobley,rmobley97@w3.org
333,Blancha,Facer,bfacer98@live.com
334,Mariya,Taber,mtaber99@mayoclinic.com
335,Margaretha,Praundl,mpraundl9a@fastcompany.com
336,Brina,Postill,bpostill9b@fda.gov
337,Chiquita,Ede,cede9c@alibaba.com
338,Thorstein,Roskelly,troskelly9d@macromedia.com
339,Dahlia,Pagelsen,dpagelsen9e@fema.gov
340,Nani,Long,nlong9f@hexun.com
341,Velma,Fleetham,vfleetham9g@networksolutions.com
342,Harris,Filpi,hfilpi9h@theguardian.com
343,Fawn,Bythway,fbythway9i@rambler.ru
344,Mariette,Tulley,mtulley9j@yahoo.co.jp
345,Jeniece,Delves,jdelves9k@bandcamp.com
346,Benjie,Cardnell,bcardnell9l@nba.com
347,Ephrem,"Mc Ilwrick",emcilwrick9m@wikimedia.org
348,Odessa,Reece,oreece9n@networkadvertising.org
349,Kaitlyn,Basill,kbasill9o@webeden.co.uk
350,Aron,Buxsey,abuxsey9p@wunderground.com
351,Rodina,Poleye,rpoleye9q@sourceforge.net
352,Rocky,Rockall,rrockall9r@pen.io
353,Lorita,Underdown,lunderdown9s@newsvine.com
354,Cornie,Frary,cfrary9t@artisteer.com
355,Cly,Pethrick,cpethrick9u@issuu.com
356,Boothe,Chalmers,bchalmers9v@skyrock.com
357,Jon,"Del Castello",jdelcastello9w@gravatar.com
358,Harri,Syers,hsyers9x@theglobeandmail.com
359,Anderea,Maylott,amaylott9y@theatlantic.com
360,Dulci,Portman,dportman9z@phoca.cz
361,Lucilia,Partleton,lpartletona0@auda.org.au
362,Alta,Dundredge,adundredgea1@cnet.com
363,Talbert,Vedenyakin,tvedenyakina2@privacy.gov.au
364,Melvyn,Iwanicki,miwanickia3@hatena.ne.jp
365,Lucy,Jacklin,ljacklina4@earthlink.net
366,Giulia,Borrowman,gborrowmana5@github.com
367,Charlton,Brimner,cbrimnera6@digg.com
368,Nevil,Tavinor,ntavinora7@blogspot.com
369,Arvy,Jobbing,ajobbinga8@alibaba.com
370,Fayette,Dillway,fdillwaya9@about.com
371,Rozella,Gwilt,rgwiltaa@ed.gov
372,Rockwell,Ilyunin,rilyuninab@hubpages.com
373,Malinda,Mapstone,mmapstoneac@livejournal.com
374,Dixie,Devenish,ddevenishad@newyorker.com
375,Barny,Shadwick,bshadwickae@nymag.com
376,Bridgette,Sailer,bsaileraf@desdev.cn
377,Avram,Febre,afebreag@go.com
378,Pattie,Blues,pbluesah@sakura.ne.jp
379,Roch,Columbine,rcolumbineai@dyndns.org
380,Hyacinth,Medlicott,hmedlicottaj@a8.net
381,Hall,Jerome,hjeromeak@jalbum.net
382,Adah,Cotty,acottyal@cbslocal.com
383,Mikkel,Youle,myouleam@infoseek.co.jp
384,Amalita,Digginson,adigginsonan@friendfeed.com
385,Alanah,Abramovici,aabramoviciao@hp.com
386,Vance,Schutter,vschutterap@blinklist.com
387,Ashlee,Bourne,abourneaq@barnesandnoble.com
388,Jeramie,Leggis,jleggisar@google.es
389,Sibley,Lobb,slobbas@cam.ac.uk
390,Emlyn,Stanney,estanneyat@hatena.ne.jp
391,Felix,Gallardo,fgallardoau@telegraph.co.uk
392,Maressa,Stolte,mstolteav@discovery.com
393,Lindy,Espina,lespinaaw@4shared.com
394,Pris,Colleymore,pcolleymoreax@google.it
395,Oates,Gosz,ogoszay@canalblog.com
396,Shara,Cathro,scathroaz@hubpages.com
397,Shandee,Jenicke,sjenickeb0@yellowpages.com
398,Tommy,Badsworth,tbadsworthb1@thetimes.co.uk
399,Vince,Nesbit,vnesbitb2@shinystat.com
400,Mil,Lindley,mlindleyb3@cisco.com
401,Gil,Perfili,gperfilib4@apple.com
402,Charlean,Palphramand,cpalphramandb5@amazonaws.com
403,Westley,Gammie,wgammieb6@youtube.com
404,Georgette,Hurt,ghurtb7@answers.com
405,Bertrand,Attreed,battreedb8@phoca.cz
406,Seline,Vasyutin,svasyutinb9@ucsd.edu
407,Luella,Bernardino,lbernardinoba@constantcontact.com
408,Sher,Chaffin,schaffinbb@mail.ru
409,Onfroi,Oakenfield,ooakenfieldbc@uiuc.edu
410,Rriocard,McPhail,rmcphailbd@huffingtonpost.com
411,Maddy,Climar,mclimarbe@free.fr
412,Cynthy,Woolham,cwoolhambf@de.vu
413,Sigfried,Mansel,smanselbg@about.com
414,Kerstin,Stormonth,kstormonthbh@chron.com
415,Victoria,Moukes,vmoukesbi@comsenz.com
416,Zaria,MacCafferky,zmaccafferkybj@trellian.com
417,Devin,Iacoviello,diacoviellobk@zdnet.com
418,Elsey,Tresvina,etresvinabl@usatoday.com
419,Glenine,Nare,gnarebm@wiley.com
420,Cathrine,Nickell,cnickellbn@mtv.com
421,Heinrik,Sibylla,hsibyllabo@theatlantic.com
422,Dian,Lesaunier,dlesaunierbp@foxnews.com
423,Giorgia,Edler,gedlerbq@cmu.edu
424,Pet,Roskruge,proskrugebr@java.com
425,Lorilee,Yesinov,lyesinovbs@whitehouse.gov
426,Mort,Zienkiewicz,mzienkiewiczbt@ihg.com
427,Britt,Legendre,blegendrebu@infoseek.co.jp
428,Yance,Basini-Gazzi,ybasinigazzibv@aboutads.info
429,Danit,Darbyshire,ddarbyshirebw@oaic.gov.au
430,Adrian,Kunzelmann,akunzelmannbx@state.gov
431,Robert,Swedeland,rswedelandby@desdev.cn
432,Mara,Georgievski,mgeorgievskibz@ebay.com
433,Cleve,Wegener,cwegenerc0@xinhuanet.com
434,Anni,Maase,amaasec1@myspace.com
435,Kent,Trippitt,ktrippittc2@1und1.de
436,Erma,Realy,erealyc3@facebook.com
437,Sherline,"Degli Antoni",sdegliantonic4@yellowbook.com
438,Rebekkah,Slipper,rslipperc5@weebly.com
439,Inglis,Newberry,inewberryc6@wired.com
440,Dulci,Barme,dbarmec7@cam.ac.uk
441,Grissel,Ancliff,gancliffc8@ca.gov
442,Judas,Quillinane,jquillinanec9@friendfeed.com
443,Ofella,Juzek,ojuzekca@artisteer.com
444,Angil,Savatier,asavatiercb@wsj.com
445,Onfroi,Ottewell,oottewellcc@google.com.hk
446,Ly,Breit,lbreitcd@baidu.com
447,Morgan,Snaden,msnadence@paypal.com
448,Judas,Ortell,jortellcf@usatoday.com
449,Kathleen,Fenemore,kfenemorecg@wix.com
450,Shir,Armytage,sarmytagech@chron.com
451,Bethina,Cady,bcadyci@squarespace.com
452,Koenraad,Kingsnoad,kkingsnoadcj@who.int
453,Morey,Bastone,mbastoneck@netlog.com
454,Cross,Laxton,claxtoncl@ucoz.com
455,Joycelin,Pagon,jpagoncm@is.gd
456,Hestia,Westhofer,hwesthofercn@reverbnation.com
457,Keely,Robinson,krobinsonco@google.nl
458,Margareta,Rentalll,mrentalllcp@cam.ac.uk
459,Lebbie,Eskrigg,leskriggcq@cloudflare.com
460,Genna,Bontine,gbontinecr@shutterfly.com
461,Crista,Wherton,cwhertoncs@wikia.com
462,Grant,Righy,grighyct@ask.com
463,Dorothy,Brizland,dbrizlandcu@blogger.com
464,Randall,Leslie,rlesliecv@ebay.co.uk
465,Micky,Pontin,mpontincw@desdev.cn
466,Nikki,Shearsby,nshearsbycx@yellowpages.com
467,Barnaby,Golagley,bgolagleycy@europa.eu
468,Sargent,Inwood,sinwoodcz@odnoklassniki.ru
469,Lammond,Boys,lboysd0@forbes.com
470,Shirley,Elson,selsond1@google.fr
471,Brenn,Corneljes,bcorneljesd2@technorati.com
472,Hazlett,Colqueran,hcolquerand3@guardian.co.uk
473,Simona,Prahm,sprahmd4@joomla.org
474,Leanor,Smither,lsmitherd5@ted.com
475,Elbertina,Holleworth,eholleworthd6@shareasale.com
476,Reuben,Mayne,rmayned7@sciencedaily.com
477,Elwin,Frede,efreded8@wordpress.org
478,Ardelis,Trythall,atrythalld9@vk.com
479,Amity,Dash,adashda@accuweather.com
480,Wendell,Bernhardsson,wbernhardssondb@uiuc.edu
481,Kaleb,MacClenan,kmacclenandc@ocn.ne.jp
482,Vernen,Newnham,vnewnhamdd@cmu.edu
483,Antonie,Liebmann,aliebmannde@blogs.com
484,Welby,Reyes,wreyesdf@sciencedaily.com
485,Jinny,Meader,jmeaderdg@examiner.com
486,Becka,Scarlin,bscarlindh@phoca.cz
487,Di,Draxford,ddraxforddi@noaa.gov
488,Raquela,Gwilliam,rgwilliamdj@typepad.com
489,Aurore,Lebarree,alebarreedk@xing.com
490,Jolyn,Padly,jpadlydl@biblegateway.com
491,Jayme,Benge,jbengedm@goodreads.com
492,Tirrell,Littler,tlittlerdn@etsy.com
493,Anastasia,Brilon,abrilondo@bing.com
494,Zia,Iacabucci,ziacabuccidp@sitemeter.com
495,Della,Mirrlees,dmirrleesdq@gov.uk
496,Hayden,Towriss,htowrissdr@columbia.edu
497,Ailina,Gladhill,agladhillds@pcworld.com
498,Loleta,Mitchall,lmitchalldt@creativecommons.org
499,Herculie,Fruin,hfruindu@liveinternet.ru
500,Aurelia,MacGowan,amacgowandv@opera.com
501,Salome,Elliman,sellimandw@1688.com
502,Dodi,Gotobed,dgotobeddx@epa.gov
503,Ricki,Woollons,rwoollonsdy@cisco.com
504,Trula,D'Arrigo,tdarrigodz@netvibes.com
505,Jenilee,Ayliffe,jayliffee0@ycombinator.com
506,Torin,Brokenshaw,tbrokenshawe1@marketwatch.com
507,Lawrence,"De Cristofalo",ldecristofaloe2@pen.io
508,Vivie,Crabtree,vcrabtreee3@i2i.jp
509,Isiahi,Kezourec,ikezourece4@mayoclinic.com
510,Marya,Harradine,mharradinee5@altervista.org
511,Marcelle,Woolgar,mwoolgare6@shareasale.com
512,Rachele,Ingarfill,ringarfille7@ucoz.com
513,Fallon,Cromwell,fcromwelle8@wordpress.com
514,Weston,Aulton,waultone9@acquirethisname.com
515,Ronda,Scoble,rscobleea@nasa.gov
516,Beniamino,Rillatt,brillatteb@blogspot.com
517,Jourdan,Lounds,jloundsec@nydailynews.com
518,Durant,Thebe,dthebeed@loc.gov
519,Mona,Eckery,meckeryee@miitbeian.gov.cn
520,Rad,Bernth,rbernthef@jugem.jp
521,Chevalier,Gowenlock,cgowenlockeg@hugedomains.com
522,Ulrika,Rope,uropeeh@imgur.com
523,Alida,Wapples,awapplesei@ox.ac.uk
524,Jarid,Mauchline,jmauchlineej@hp.com
525,Cristi,Boustred,cboustredek@bing.com
526,Keane,Adamoli,kadamoliel@prnewswire.com
527,Hirsch,Pickworth,hpickworthem@shinystat.com
528,Laurel,Brassington,lbrassingtonen@smh.com.au
529,Kienan,Fenkel,kfenkeleo@amazon.co.uk
530,Leonanie,Nolleth,lnollethep@4shared.com
531,Ailina,Arthur,aarthureq@reuters.com
532,Fran,Hourigan,fhouriganer@ning.com
533,Stuart,Slyford,sslyfordes@ucoz.com
534,Chastity,Cornewall,ccornewallet@dailymail.co.uk
535,Emelen,Duckworth,educkwortheu@moonfruit.com
536,Crysta,Hibling,chiblingev@marketwatch.com
537,Catina,Cromar,ccromarew@quantcast.com
538,Dottie,Poyntz,dpoyntzex@europa.eu
539,Jane,McCreath,jmccreathey@samsung.com
540,Tonya,Eitter,teitterez@google.com.br
541,Vina,Parks,vparksf0@patch.com
542,Lyndy,Newcom,lnewcomf1@topsy.com
543,Tierney,Sturte,tsturtef2@army.mil
544,Winifield,Esh,weshf3@icio.us
545,Nowell,Handke,nhandkef4@cpanel.net
546,Danice,Matthiesen,dmatthiesenf5@i2i.jp
547,Fabe,Filintsev,ffilintsevf6@boston.com
548,Poppy,Curnucke,pcurnuckef7@go.com
549,Lorelle,Davidson,ldavidsonf8@admin.ch
550,Sean,Kringe,skringef9@alibaba.com
551,Deonne,Lowen,dlowenfa@freewebs.com
552,Elianora,Golder,egolderfb@google.ru
553,Meridel,Bradborne,mbradbornefc@dmoz.org
554,Jammie,Boosey,jbooseyfd@bbc.co.uk
555,Patsy,Hicks,phicksfe@pinterest.com
556,Genni,Livingstone,glivingstoneff@hp.com
557,Meier,Allbones,mallbonesfg@sogou.com
558,Agnella,Massie,amassiefh@google.ca
559,Cthrine,Spence,cspencefi@cnbc.com
560,Donia,Jannings,djanningsfj@bizjournals.com
561,Tammie,Middle,tmiddlefk@acquirethisname.com
562,Eddi,"De Mattei",edematteifl@latimes.com
563,Monte,Birdall,mbirdallfm@businesswire.com
564,Frayda,Glaze,fglazefn@prnewswire.com
565,Theo,Maureen,tmaureenfo@youku.com
566,Kissie,Sneller,ksnellerfp@vk.com
567,Rivkah,Flott,rflottfq@amazon.de
568,Raquel,Coleford,rcolefordfr@indiegogo.com
569,Shirlene,Southward,ssouthwardfs@godaddy.com
570,Astrid,Moules,amoulesft@networkadvertising.org
571,Freeman,Blore,fblorefu@comcast.net
572,Hardy,Studdert,hstuddertfv@flavors.me
573,Marlin,Tackle,mtacklefw@mit.edu
574,Shermy,Pauls,spaulsfx@google.pl
575,Ilise,Byfford,ibyffordfy@ebay.com
576,Fiona,Elderbrant,felderbrantfz@163.com
577,Dicky,Hof,dhofg0@tumblr.com
578,Lynea,Matskevich,lmatskevichg1@japanpost.jp
579,Bennie,Trigg,btriggg2@stanford.edu
580,Maighdiln,Damiral,mdamiralg3@google.com.hk
581,Robyn,Westpfel,rwestpfelg4@blogtalkradio.com
582,Roseann,Utridge,rutridgeg5@free.fr
583,Aprilette,Winborn,awinborng6@kickstarter.com
584,Iolanthe,Alliot,ialliotg7@naver.com
585,Leoline,Colrein,lcolreing8@europa.eu
586,Harrie,Malt,hmaltg9@walmart.com
587,Puff,Owthwaite,powthwaitega@xing.com
588,Rock,Collyns,rcollynsgb@washington.edu
589,Aldridge,Sharrier,asharriergc@clickbank.net
590,Josephina,Bunson,jbunsongd@biglobe.ne.jp
591,Wain,Michel,wmichelge@samsung.com
592,Staford,Antognazzi,santognazzigf@chronoengine.com
593,Lorita,Ouldred,louldredgg@wordpress.org
594,Derek,Schober,dschobergh@networksolutions.com
595,Pearl,Nutbeem,pnutbeemgi@sitemeter.com
596,Gerianna,Valente,gvalentegj@wunderground.com
597,Patty,O'Rudden,poruddengk@ted.com
598,Paxton,Baroux,pbarouxgl@free.fr
599,Jamesy,Scandred,jscandredgm@imdb.com
600,Sallee,Heaviside,sheavisidegn@oakley.com
601,Kerry,Pepis,kpepisgo@163.com
602,Wat,Probart,wprobartgp@prlog.org
603,Craig,Graine,cgrainegq@altervista.org
604,Agace,MacKinnon,amackinnongr@live.com
605,Clayborn,Greenfield,cgreenfieldgs@stumbleupon.com
606,Neall,Fligg,nfligggt@1688.com
607,Rosetta,Clegg,rclegggu@skyrock.com
608,Sigismondo,Collicott,scollicottgv@youtu.be
609,Isadora,Kittoe,ikittoegw@biblegateway.com
610,Regan,Athersmith,rathersmithgx@newyorker.com
611,Grantley,Sanderson,gsandersongy@bloglines.com
612,Gerianna,Vinecombe,gvinecombegz@admin.ch
613,Lorne,Blaney,lblaneyh0@trellian.com
614,Thorstein,Crufts,tcruftsh1@yahoo.com
615,Mamie,Weathers,mweathersh2@simplemachines.org
616,Culver,Seys,cseysh3@tiny.cc
617,Valentine,Fonteyne,vfonteyneh4@livejournal.com
618,Melissa,Capoun,mcapounh5@illinois.edu
619,Craig,D'Acth,cdacthh6@jigsy.com
620,Salomone,Rummin,srumminh7@opera.com
621,Keely,Ferebee,kferebeeh8@senate.gov
622,Alisa,Normanell,anormanellh9@bluehost.com
623,Frederik,Dasent,fdasentha@rakuten.co.jp
624,Sidonnie,Bartel,sbartelhb@plala.or.jp
625,Merwyn,Marshallsay,mmarshallsayhc@bloglines.com
626,Audy,Dods,adodshd@fema.gov
627,Ellerey,Mucklestone,emucklestonehe@domainmarket.com
628,Carey,Paolini,cpaolinihf@admin.ch
629,Nicko,Coppard,ncoppardhg@loc.gov
630,Tarrah,Tullot,ttullothh@aboutads.info
631,Dare,Danelut,ddaneluthi@amazon.co.jp
632,Zarah,Huerta,zhuertahj@goo.gl
633,Pierette,Duplain,pduplainhk@netscape.com
634,Robinet,Bailey,rbaileyhl@state.tx.us
635,Andonis,Roswarne,aroswarnehm@sbwire.com
636,Gill,Summerfield,gsummerfieldhn@canalblog.com
637,Dina,Angelini,dangeliniho@tripadvisor.com
638,Halimeda,Briant,hbrianthp@scribd.com
639,Joela,Liptrot,jliptrothq@over-blog.com
640,Conrade,Kollatsch,ckollatschhr@is.gd
641,Kendell,Aldis,kaldishs@naver.com
642,Ky,Mitchiner,kmitchinerht@europa.eu
643,Kate,Vaughn,kvaughnhu@upenn.edu
644,Ferne,Dalbey,fdalbeyhv@examiner.com
645,Rena,Hentze,rhentzehw@plala.or.jp
646,Grantley,Clyburn,gclyburnhx@house.gov
647,Claudio,Woan,cwoanhy@nytimes.com
648,Tessie,Sleigh,tsleighhz@ftc.gov
649,Clair,Heaysman,cheaysmani0@netvibes.com
650,Reuben,Usher,rusheri1@nps.gov
651,Dorie,Burkinshaw,dburkinshawi2@skype.com
652,Cornie,Banthorpe,cbanthorpei3@elegantthemes.com
653,Ricardo,Silber,rsilberi4@wikimedia.org
654,Cecile,Hrinishin,chrinishini5@newsvine.com
655,Nita,Robinet,nrobineti6@bravesites.com
656,Ahmad,Skittrell,askittrelli7@microsoft.com
657,Sven,Decent,sdecenti8@usda.gov
658,Yankee,Kremer,ykremeri9@google.pl
659,Tobey,Vallens,tvallensia@mapquest.com
660,Pamela,Cham,pchamib@exblog.jp
661,Parke,Grinham,pgrinhamic@soundcloud.com
662,Normand,Muldoon,nmuldoonid@wix.com
663,Teodoro,Thraves,tthravesie@google.de
664,Mirilla,Hexum,mhexumif@twitpic.com
665,Pip,Depper,pdepperig@tmall.com
666,Adriane,Kays,akaysih@amazon.de
667,Spence,Crier,scrierii@tumblr.com
668,Juliana,Tribell,jtribellij@prlog.org
669,Annemarie,Musterd,amusterdik@europa.eu
670,Louisette,Brattan,lbrattanil@salon.com
671,Ronica,Possell,rpossellim@constantcontact.com
672,Hardy,Dundendale,hdundendalein@fotki.com
673,Fran,Valero,fvaleroio@tmall.com
674,Horace,Craske,hcraskeip@ameblo.jp
675,Dore,Edington,dedingtoniq@bluehost.com
676,Jasen,Chansonnau,jchansonnauir@wikispaces.com
677,Nial,Giraux,ngirauxis@nationalgeographic.com
678,Raeann,Doole,rdooleit@wired.com
679,Benetta,Bussell,bbusselliu@wp.com
680,Granville,Cluff,gcluffiv@virginia.edu
681,Vivi,Lightman,vlightmaniw@flickr.com
682,Vonny,Edmondson,vedmondsonix@seesaa.net
683,Archibaldo,Bustin,abustiniy@java.com
684,Emma,Samweyes,esamweyesiz@addtoany.com
685,Sly,Botham,sbothamj0@dell.com
686,Rubie,Lauks,rlauksj1@vkontakte.ru
687,Kennett,Ambroisin,kambroisinj2@ft.com
688,Gloriane,Bowe,gbowej3@webs.com
689,Aube,Woodroff,awoodroffj4@dagondesign.com
690,Marty,Gatheridge,mgatheridgej5@bandcamp.com
691,Raynell,Stoneley,rstoneleyj6@slideshare.net
692,Appolonia,Czyz,aczyzj7@buzzfeed.com
693,Marj,Brisse,mbrissej8@addthis.com
694,Abel,Trower,atrowerj9@ucoz.ru
695,Lucia,Fearon,lfearonja@bloglines.com
696,Barri,Loughton,bloughtonjb@artisteer.com
697,Eda,Garrish,egarrishjc@reuters.com
698,Hymie,Kulis,hkulisjd@gizmodo.com
699,Franky,Downie,fdownieje@weebly.com
700,Shamus,Othick,sothickjf@apache.org
701,Burlie,Richmond,brichmondjg@shareasale.com
702,Mag,Dring,mdringjh@cbc.ca
703,Oralee,Melesk,omeleskji@bizjournals.com
704,Moe,Gerkens,mgerkensjj@g.co
705,Ginnifer,Elvidge,gelvidgejk@cbc.ca
706,Martin,Lidgley,mlidgleyjl@amazon.com
707,Nertie,Beautyman,nbeautymanjm@cnet.com
708,Allianora,Boerder,aboerderjn@myspace.com
709,Hermia,Donnelly,hdonnellyjo@google.com.au
710,Jewel,Jarnell,jjarnelljp@army.mil
711,Ardella,Walley,awalleyjq@hexun.com
712,Penni,Nobriga,pnobrigajr@exblog.jp
713,Harlin,Passfield,hpassfieldjs@yahoo.com
714,Kilian,Mayer,kmayerjt@unc.edu
715,Dulcy,Thrush,dthrushju@edublogs.org
716,Addison,Sigg,asiggjv@goo.gl
717,Wilhelm,Loosley,wloosleyjw@phoca.cz
718,Derick,Casella,dcasellajx@hostgator.com
719,Jeffry,Spohrmann,jspohrmannjy@homestead.com
720,Bryan,Ansett,bansettjz@weebly.com
721,Edita,Bardwell,ebardwellk0@accuweather.com
722,Moshe,Shayler,mshaylerk1@mac.com
723,Netty,Dinnage,ndinnagek2@oaic.gov.au
724,Oren,Crecy,ocrecyk3@telegraph.co.uk
725,Ive,Jachimiak,ijachimiakk4@toplist.cz
726,Maurine,Jahns,mjahnsk5@alexa.com
727,Derrek,Pellman,dpellmank6@pinterest.com
728,Hayyim,"de la Tremoille",hdelatremoillek7@netvibes.com
729,Jackqueline,Sidnell,jsidnellk8@answers.com
730,Ramsey,Snaden,rsnadenk9@ebay.co.uk
731,Roxanna,Burchmore,rburchmoreka@boston.com
732,Randa,Punyer,rpunyerkb@deliciousdays.com
733,Aguste,Alleburton,aalleburtonkc@yellowbook.com
734,Harriot,Korpolak,hkorpolakkd@nih.gov
735,Sue,Bohlin,sbohlinke@mapy.cz
736,Oran,Feirn,ofeirnkf@dropbox.com
737,Carmine,Sporton,csportonkg@craigslist.org
738,Nancie,Naper,nnaperkh@artisteer.com
739,Serena,Prudence,sprudenceki@about.com
740,Craggie,Othick,cothickkj@engadget.com
741,Orsa,Lotwich,olotwichkk@desdev.cn
742,Rosmunda,Quaife,rquaifekl@ifeng.com
743,Curr,Lansberry,clansberrykm@cocolog-nifty.com
744,Nels,Antrag,nantragkn@sphinn.com
745,Florance,Cullingford,fcullingfordko@youtube.com
746,Nady,Portman,nportmankp@unblog.fr
747,Sileas,Mattingly,smattinglykq@eepurl.com
748,Ritchie,Whittet,rwhittetkr@odnoklassniki.ru
749,Rancell,Colyer,rcolyerks@hexun.com
750,Othella,Khan,okhankt@about.com
751,Lynnett,Heaffey,lheaffeyku@telegraph.co.uk
752,Seline,Waghorne,swaghornekv@parallels.com
753,Horst,"Van Der Hoog",hvanderhoogkw@weebly.com
754,Kalvin,Wasiel,kwasielkx@amazon.com
755,Pearline,Dreamer,pdreamerky@alexa.com
756,Katleen,Kyston,kkystonkz@chronoengine.com
757,Tyrus,Seiler,tseilerl0@biglobe.ne.jp
758,Shannah,Norcliffe,snorcliffel1@soundcloud.com
759,Konstance,Vynarde,kvynardel2@nifty.com
760,Lacey,Woolbrook,lwoolbrookl3@slideshare.net
761,Veradis,Fulk,vfulkl4@elegantthemes.com
762,Leonard,Fullerlove,lfullerlovel5@comcast.net
763,Lauri,Oldrey,loldreyl6@ucla.edu
764,Giuditta,Giorgetti,ggiorgettil7@state.gov
765,Cyrillus,Claisse,cclaissel8@narod.ru
766,Goldia,Malia,gmalial9@parallels.com
767,Lynette,Hucke,lhuckela@com.com
768,Traver,Bumpus,tbumpuslb@mashable.com
769,Tull,Jansens,tjansenslc@ameblo.jp
770,Anabel,Poon,apoonld@google.es
771,Adair,Frome,afromele@1688.com
772,Tybalt,McOwen,tmcowenlf@storify.com
773,Louie,Winckle,lwincklelg@shop-pro.jp
774,Brock,Pietersen,bpietersenlh@independent.co.uk
775,Donavon,Jatczak,djatczakli@google.com.hk
776,Maurizia,Hartshorne,mhartshornelj@deliciousdays.com
777,Meade,Ohms,mohmslk@bloomberg.com
778,Nathan,Haggith,nhaggithll@ifeng.com
779,Kaitlin,Traher,ktraherlm@yelp.com
780,Dore,Franchi,dfranchiln@edublogs.org
781,Leonerd,Cannon,lcannonlo@ucsd.edu
782,Myrtie,Iuorio,miuoriolp@oakley.com
783,Maia,Hedgeley,mhedgeleylq@fda.gov
784,Lanie,Allbon,lallbonlr@house.gov
785,Harley,Carnew,hcarnewls@angelfire.com
786,Emmy,Palfrey,epalfreylt@twitter.com
787,Harlen,Darkins,hdarkinslu@desdev.cn
788,Carlotta,Baccus,cbaccuslv@dion.ne.jp
789,Mano,Wilkinson,mwilkinsonlw@census.gov
790,Svend,Hamnett,shamnettlx@barnesandnoble.com
791,Pauli,Forrestill,pforrestillly@shutterfly.com
792,Hadley,Aikin,haikinlz@ning.com
793,Harland,Brands,hbrandsm0@businesswire.com
794,Karolina,Varran,kvarranm1@blinklist.com
795,June,Eustice,jeusticem2@java.com
796,Noel,Firmage,nfirmagem3@sourceforge.net
797,Sarene,McLurg,smclurgm4@edublogs.org
798,Ursula,Peniman,upenimanm5@prweb.com
799,Meara,Lindroos,mlindroosm6@mashable.com
800,Henrietta,Humbie,hhumbiem7@google.co.jp
801,Nester,Klaessen,nklaessenm8@bloglines.com
802,Ethelyn,Shambrook,eshambrookm9@salon.com
803,Fifine,Kinworthy,fkinworthyma@studiopress.com
804,Elinor,McCrudden,emccruddenmb@about.me
805,Agnes,Dunnico,adunnicomc@independent.co.uk
806,Gwyn,Cathcart,gcathcartmd@histats.com
807,Wilfrid,Curee,wcureeme@japanpost.jp
808,Ondrea,Haversham,ohavershammf@ibm.com
809,Kristoffer,Lintot,klintotmg@exblog.jp
810,Mickie,"Chinge de Hals",mchingedehalsmh@themeforest.net
811,Flore,Fateley,ffateleymi@gov.uk
812,Cullin,Fransseni,cfranssenimj@histats.com
813,Abigael,Trowbridge,atrowbridgemk@meetup.com
814,Clerc,Midghall,cmidghallml@163.com
815,Franciska,Zamboniari,fzamboniarimm@opensource.org
816,Chuck,Felkin,cfelkinmn@guardian.co.uk
817,Hugues,Verry,hverrymo@sourceforge.net
818,Chrissy,Lydiate,clydiatemp@msu.edu
819,Jinny,Tomblings,jtomblingsmq@illinois.edu
820,Benji,Lowen,blowenmr@chron.com
821,Doretta,Eilhertsen,deilhertsenms@forbes.com
822,Merill,Sparkwell,msparkwellmt@shareasale.com
823,Ursola,Rumbelow,urumbelowmu@prweb.com
824,Kinna,Georgelin,kgeorgelinmv@deviantart.com
825,Carolan,Pratten,cprattenmw@cyberchimps.com
826,Merrily,Feltoe,mfeltoemx@nih.gov
827,Zacharia,Georg,zgeorgmy@angelfire.com
828,Cletus,Anfonsi,canfonsimz@blogger.com
829,Bartholomew,Yurukhin,byurukhinn0@infoseek.co.jp
830,Gian,Penburton,gpenburtonn1@sitemeter.com
831,Darbee,Kalvin,dkalvinn2@prnewswire.com
832,Cad,Yanshin,cyanshinn3@pen.io
833,Clem,McAloren,cmcalorenn4@geocities.jp
834,Thibaud,Bangle,tbanglen5@illinois.edu
835,Beverie,Barden,bbardenn6@addthis.com
836,Mic,Stoffler,mstofflern7@hexun.com
837,Crista,Casella,ccasellan8@bing.com
838,Faythe,Laker,flakern9@nationalgeographic.com
839,Melisenda,Kendred,mkendredna@slashdot.org
840,Benedicto,Haddinton,bhaddintonnb@purevolume.com
841,Bria,Gotfrey,bgotfreync@shareasale.com
842,Lance,Boddis,lboddisnd@over-blog.com
843,Karen,Bartholin,kbartholinne@goo.ne.jp
844,Ardeen,Percifull,apercifullnf@archive.org
845,Cesaro,Oglethorpe,coglethorpeng@icio.us
846,Godart,Newstead,gnewsteadnh@mediafire.com
847,Cleon,Duffell,cduffellni@1688.com
848,Adele,Bromehead,abromeheadnj@unblog.fr
849,Zak,Rizzardi,zrizzardink@mediafire.com
850,Inna,Burke,iburkenl@exblog.jp
851,Carlin,Malinowski,cmalinowskinm@canalblog.com
852,Lia,Cleaton,lcleatonnn@yelp.com
853,Nissa,Santora,nsantorano@drupal.org
854,Costa,Alennikov,calennikovnp@artisteer.com
855,Ike,Nunns,inunnsnq@cbslocal.com
856,Vanda,McGreil,vmcgreilnr@slideshare.net
857,Joshuah,Benit,jbenitns@livejournal.com
858,Othelia,Drabble,odrabblent@yelp.com
859,Arabelle,Pillinger,apillingernu@scribd.com
860,Conan,Vaune,cvaunenv@upenn.edu
861,Cedric,Edwin,cedwinnw@va.gov
862,Dyana,Hows,dhowsnx@acquirethisname.com
863,Wally,Hartup,whartupny@harvard.edu
864,Orv,Bottelstone,obottelstonenz@a8.net
865,Briana,Featonby,bfeatonbyo0@cbsnews.com
866,Garey,Krochmann,gkrochmanno1@baidu.com
867,Patin,Casaletto,pcasalettoo2@globo.com
868,Gilligan,Duffin,gduffino3@sina.com.cn
869,Bobbee,Pellant,bpellanto4@baidu.com
870,Florette,Sobczak,fsobczako5@people.com.cn
871,Hayward,Dymoke,hdymokeo6@surveymonkey.com
872,Crosby,Corden,ccordeno7@businessinsider.com
873,Neel,Bonny,nbonnyo8@indiatimes.com
874,Cordy,Dumbarton,cdumbartono9@xinhuanet.com
875,Kippar,Casaroli,kcasarolioa@skype.com
876,Brandi,Lyon,blyonob@guardian.co.uk
877,Karola,Hellin,khellinoc@drupal.org
878,Calhoun,Mecchi,cmecchiod@google.ca
879,Amy,Jaynes,ajaynesoe@uiuc.edu
880,Kingston,Seiler,kseilerof@forbes.com
881,Latisha,Harbord,lharbordog@google.com.au
882,Elna,Hawtin,ehawtinoh@auda.org.au
883,Roxy,Cotton,rcottonoi@booking.com
884,Zebadiah,Bulcroft,zbulcroftoj@fastcompany.com
885,Ingunna,Matschuk,imatschukok@facebook.com
886,Rubina,Summerlie,rsummerlieol@foxnews.com
887,Malina,Johnson,mjohnsonom@goo.gl
888,Waylin,Skuce,wskuceon@shutterfly.com
889,Farrell,Cabrera,fcabreraoo@freewebs.com
890,Ninon,Duesberry,nduesberryop@hostgator.com
891,Alvis,Atkirk,aatkirkoq@vk.com
892,Lek,Perryman,lperrymanor@ning.com
893,Malissa,Bolesworth,mbolesworthos@discuz.net
894,Ezekiel,Masi,emasiot@reference.com
895,Fidela,Caro,fcaroou@eepurl.com
896,Tim,Matterson,tmattersonov@cdc.gov
897,Odelinda,Ruppel,oruppelow@prweb.com
898,Nixie,Musk,nmuskox@mapquest.com
899,Austen,Alyutin,aalyutinoy@scribd.com
900,Bernete,Purle,bpurleoz@sciencedirect.com
901,Jemie,Redmille,jredmillep0@cnet.com
902,Corby,Mattsson,cmattssonp1@elegantthemes.com
903,Tessi,Carbin,tcarbinp2@oaic.gov.au
904,Florie,Laurencot,flaurencotp3@cnn.com
905,Murial,Firmager,mfirmagerp4@marriott.com
906,Mollee,Silk,msilkp5@ox.ac.uk
907,Kevin,Wheway,kwhewayp6@google.com.hk
908,Griffie,Toombes,gtoombesp7@123-reg.co.uk
909,Trenton,Spenceley,tspenceleyp8@dot.gov
910,Giuseppe,Saull,gsaullp9@bigcartel.com
911,Hope,Norquoy,hnorquoypa@meetup.com
912,Brigit,Pettipher,bpettipherpb@mapy.cz
913,Shoshanna,Simioli,ssimiolipc@amazon.co.jp
914,Ivar,Corona,icoronapd@joomla.org
915,Elnore,Ginty,egintype@yellowbook.com
916,Cyrillus,Phelip,cphelippf@aboutads.info
917,Roda,Chetwind,rchetwindpg@hatena.ne.jp
918,Sergei,Matokhnin,smatokhninph@squarespace.com
919,Lyndsie,Cosgrave,lcosgravepi@harvard.edu
920,Ellette,Riccio,ericciopj@foxnews.com
921,Eugenie,Ahearne,eahearnepk@paypal.com
922,Christan,Hannah,channahpl@tripadvisor.com
923,Romy,Burridge,rburridgepm@surveymonkey.com
924,Mavra,McAlpine,mmcalpinepn@toplist.cz
925,Edee,Willoughby,ewilloughbypo@google.co.jp
926,Hallsy,Goodings,hgoodingspp@wired.com
927,Gaby,Olley,golleypq@hubpages.com
928,Liam,Chazotte,lchazottepr@thetimes.co.uk
929,Beatrix,Deveraux,bdeverauxps@va.gov
930,Ashby,Strong,astrongpt@mit.edu
931,Donovan,Weinmann,dweinmannpu@hp.com
932,Lief,Cockram,lcockrampv@globo.com
933,Lou,Stenett,lstenettpw@netlog.com
934,Ivan,Orpyne,iorpynepx@theatlantic.com
935,Kira,Lethbury,klethburypy@dedecms.com
936,Elmore,Peyto,epeytopz@github.io
937,Jackquelin,Schulkins,jschulkinsq0@wix.com
938,Courtnay,Scales,cscalesq1@stumbleupon.com
939,Ora,Lyttle,olyttleq2@altervista.org
940,Sibylla,Vittet,svittetq3@bbb.org
941,Fanechka,McTague,fmctagueq4@pcworld.com
942,Dulcinea,Polak,dpolakq5@loc.gov
943,Prescott,Revie,previeq6@amazonaws.com
944,Gwenore,Irving,girvingq7@prlog.org
945,Lars,Sambiedge,lsambiedgeq8@g.co
946,Nolie,Boich,nboichq9@cbc.ca
947,Marcelline,Fridd,mfriddqa@liveinternet.ru
948,Avrit,Rockall,arockallqb@slideshare.net
949,Carlyle,Storey,cstoreyqc@wikispaces.com
950,Risa,Adam,radamqd@chicagotribune.com
951,Wilma,MacGorrie,wmacgorrieqe@nba.com
952,Cosmo,Hendrix,chendrixqf@stanford.edu
953,Emmi,Wassell,ewassellqg@apple.com
954,Lynea,Mattam,lmattamqh@hhs.gov
955,Mercedes,Gorger,mgorgerqi@bizjournals.com
956,Nelli,Provest,nprovestqj@youku.com
957,Danyette,Lilley,dlilleyqk@mlb.com
958,Munmro,Morling,mmorlingql@eepurl.com
959,Aron,Nixon,anixonqm@about.com
960,Lester,Pedden,lpeddenqn@apache.org
961,Carilyn,Tixier,ctixierqo@globo.com
962,Nikaniki,Openshaw,nopenshawqp@cbsnews.com
963,Pearla,Caze,pcazeqq@stanford.edu
964,Wallache,Beake,wbeakeqr@ibm.com
965,Marcelle,Dench,mdenchqs@nydailynews.com
966,Merrick,Bramble,mbrambleqt@symantec.com
967,Nanette,Elphinstone,nelphinstonequ@fc2.com
968,Gram,Lavelle,glavelleqv@yale.edu
969,Luciano,McAviy,lmcaviyqw@issuu.com
970,Dorise,Allmen,dallmenqx@wikispaces.com
971,Hagen,Claiden,hclaidenqy@marriott.com
972,Dionysus,Ropking,dropkingqz@redcross.org
973,Nikolia,Southcott,nsouthcottr0@simplemachines.org
974,Aviva,Oxnam,aoxnamr1@deviantart.com
975,Engracia,Odgaard,eodgaardr2@unesco.org
976,Janel,Inworth,jinworthr3@wikispaces.com
977,Karolina,Gresswood,kgresswoodr4@cargocollective.com
978,Traci,Vanyashin,tvanyashinr5@posterous.com
979,Danell,Mace,dmacer6@clickbank.net
980,Nolana,Sweetsur,nsweetsurr7@youtu.be
981,Johan,Chastelain,jchastelainr8@biglobe.ne.jp
982,Analise,Sullivan,asullivanr9@tinypic.com
983,Wash,Uttridge,wuttridgera@nasa.gov
984,Berty,Illwell,billwellrb@networkadvertising.org
985,Bank,Kiddle,bkiddlerc@virginia.edu
986,Carmela,Jarvie,cjarvierd@princeton.edu
987,Madelina,Scougal,mscougalre@wired.com
988,Petra,Lickorish,plickorishrf@amazon.com
989,Emmalynne,"Van der Veldt",evanderveldtrg@networkadvertising.org
990,Kermy,Elton,keltonrh@sun.com
991,Ingram,Mazzey,imazzeyri@pen.io
992,Kevina,Brahm,kbrahmrj@posterous.com
993,Rasia,Edland,redlandrk@quantcast.com
994,Archibold,MacNab,amacnabrl@nih.gov
995,Marlee,Vause,mvauserm@discovery.com
996,Kare,Rein,kreinrn@seattletimes.com
997,Phaedra,Moresby,pmoresbyro@desdev.cn
998,Forbes,Rattrie,frattrierp@foxnews.com
999,Gus,Willavoys,gwillavoysrq@deliciousdays.com
1000,Fanechka,Bartomeu,fbartomeurr@washington.edu
